"stimulus","position","before_x","before_y","width","height","id","wiggles"
"S1-121","-1",292.5,40,40,80,"block1",293.968211160988
"S1-121","-1",292.5,40,40,80,"block1",291.248428761495
"S1-121","-1",292.5,40,40,80,"block1",293.294099728675
"S1-121","-1",292.5,40,40,80,"block1",293.652080935899
"S1-121","-1",292.5,40,40,80,"block1",292.441852937397
"S1-121","-1",292.5,40,40,80,"block1",293.175554367096
"S1-121","-1",292.5,40,40,80,"block1",291.535482630797
"S1-121","-1",292.5,40,40,80,"block1",290.760776982509
"S1-121","-1",292.5,40,40,80,"block1",292.131048929121
"S1-121","-1",292.5,40,40,80,"block1",290.841070083171
"S1-121","-1",432.5,40,40,80,"block2",432.068132580876
"S1-121","-1",432.5,40,40,80,"block2",431.611751426838
"S1-121","-1",432.5,40,40,80,"block2",432.057493667659
"S1-121","-1",432.5,40,40,80,"block2",432.942509622332
"S1-121","-1",432.5,40,40,80,"block2",433.332520633607
"S1-121","-1",432.5,40,40,80,"block2",432.234554256811
"S1-121","-1",432.5,40,40,80,"block2",434.088907495151
"S1-121","-1",432.5,40,40,80,"block2",433.211992256709
"S1-121","-1",432.5,40,40,80,"block2",431.42017679559
"S1-121","-1",432.5,40,40,80,"block2",431.719674449618
"S1-121","-1",250,180,75,200,"platform1",NA
"S1-121","-1",475,180,75,200,"platform2",NA
"S10-203","-1",292.5,40,40,80,"block1",293.597928676932
"S10-203","-1",292.5,40,40,80,"block1",290.814664798843
"S10-203","-1",292.5,40,40,80,"block1",291.977606906894
"S10-203","-1",292.5,40,40,80,"block1",291.630005387322
"S10-203","-1",292.5,40,40,80,"block1",292.690890428182
"S10-203","-1",292.5,40,40,80,"block1",291.966961141701
"S10-203","-1",292.5,40,40,80,"block1",292.146320573108
"S10-203","-1",292.5,40,40,80,"block1",294.01118154393
"S10-203","-1",292.5,40,40,80,"block1",293.420768518603
"S10-203","-1",292.5,40,40,80,"block1",293.260650417413
"S10-203","-1",442.5,140,40,80,"block2",443.445644801507
"S10-203","-1",442.5,140,40,80,"block2",441.957193253193
"S10-203","-1",442.5,140,40,80,"block2",443.348218534832
"S10-203","-1",442.5,140,40,80,"block2",443.292144217249
"S10-203","-1",442.5,140,40,80,"block2",443.109394896764
"S10-203","-1",442.5,140,40,80,"block2",441.690796950223
"S10-203","-1",442.5,140,40,80,"block2",442.683855010513
"S10-203","-1",442.5,140,40,80,"block2",440.318421714782
"S10-203","-1",442.5,140,40,80,"block2",444.413657834195
"S10-203","-1",442.5,140,40,80,"block2",442.353589227406
"S10-203","-1",250,180,75,200,"platform1",NA
"S10-203","-1",475,230,75,100,"platform2",NA
"S12-203","side",282.5,140,40,80,"block1",283.319655465919
"S12-203","side",282.5,140,40,80,"block1",282.364276838428
"S12-203","side",282.5,140,40,80,"block1",283.639315092896
"S12-203","side",282.5,140,40,80,"block1",282.257290620041
"S12-203","side",282.5,140,40,80,"block1",281.044897228261
"S12-203","side",282.5,140,40,80,"block1",280.785471683583
"S12-203","side",282.5,140,40,80,"block1",282.933833743842
"S12-203","side",282.5,140,40,80,"block1",280.562047305694
"S12-203","side",282.5,140,40,80,"block1",281.836328590177
"S12-203","side",282.5,140,40,80,"block1",282.140447082947
"S12-203","side",432.5,140,40,80,"block2",432.929982942743
"S12-203","side",432.5,140,40,80,"block2",431.413525089625
"S12-203","side",432.5,140,40,80,"block2",433.491746074895
"S12-203","side",432.5,140,40,80,"block2",432.640152026499
"S12-203","side",432.5,140,40,80,"block2",433.550619249611
"S12-203","side",432.5,140,40,80,"block2",432.999376545768
"S12-203","side",432.5,140,40,80,"block2",431.171652454351
"S12-203","side",432.5,140,40,80,"block2",430.93319875465
"S12-203","side",432.5,140,40,80,"block2",434.067954789533
"S12-203","side",432.5,140,40,80,"block2",431.410975403732
"S12-203","side",362.5,230,150,100,"platform1",NA
"S15-443","-1",292.5,40,40,80,"block1",295.21054985252
"S15-443","-1",292.5,40,40,80,"block1",291.679343993847
"S15-443","-1",292.5,40,40,80,"block1",292.202782465014
"S15-443","-1",292.5,40,40,80,"block1",291.687728342835
"S15-443","-1",292.5,40,40,80,"block1",293.039419056036
"S15-443","-1",292.5,40,40,80,"block1",293.933267698327
"S15-443","-1",292.5,40,40,80,"block1",291.998734704935
"S15-443","-1",292.5,40,40,80,"block1",293.08080055846
"S15-443","-1",292.5,40,40,80,"block1",290.299861854853
"S15-443","-1",292.5,40,40,80,"block1",291.71595044236
"S15-443","-1",437.5,40,40,80,"block2",434.983774295052
"S15-443","-1",437.5,40,40,80,"block2",436.074936010934
"S15-443","-1",437.5,40,40,80,"block2",436.309849710535
"S15-443","-1",437.5,40,40,80,"block2",437.682579004784
"S15-443","-1",437.5,40,40,80,"block2",438.722871036426
"S15-443","-1",437.5,40,40,80,"block2",436.092743280394
"S15-443","-1",437.5,40,40,80,"block2",434.927908862149
"S15-443","-1",437.5,40,40,80,"block2",436.755938719645
"S15-443","-1",437.5,40,40,80,"block2",437.733499896606
"S15-443","-1",437.5,40,40,80,"block2",436.176166025395
"S15-443","-1",250,180,75,200,"platform1",NA
"S15-443","-1",475,180,75,200,"platform2",NA
"S20-468","-1",292.5,40,40,80,"block1",290.869570959296
"S20-468","-1",292.5,40,40,80,"block1",292.031478442045
"S20-468","-1",292.5,40,40,80,"block1",292.46839230978
"S20-468","-1",292.5,40,40,80,"block1",293.06386433045
"S20-468","-1",292.5,40,40,80,"block1",292.431579650675
"S20-468","-1",292.5,40,40,80,"block1",292.109160299859
"S20-468","-1",292.5,40,40,80,"block1",293.537419486915
"S20-468","-1",292.5,40,40,80,"block1",292.961302512655
"S20-468","-1",292.5,40,40,80,"block1",292.970394916693
"S20-468","-1",292.5,40,40,80,"block1",292.93010656487
"S20-468","-1",437.5,140,40,80,"block2",437.17071130671
"S20-468","-1",437.5,140,40,80,"block2",436.802173918271
"S20-468","-1",437.5,140,40,80,"block2",438.616678201986
"S20-468","-1",437.5,140,40,80,"block2",438.088084413653
"S20-468","-1",437.5,140,40,80,"block2",439.537789188887
"S20-468","-1",437.5,140,40,80,"block2",438.959104026357
"S20-468","-1",437.5,140,40,80,"block2",438.617317839259
"S20-468","-1",437.5,140,40,80,"block2",437.15761518659
"S20-468","-1",437.5,140,40,80,"block2",437.391354432346
"S20-468","-1",437.5,140,40,80,"block2",438.422870846668
"S20-468","-1",250,180,75,200,"platform1",NA
"S20-468","-1",475,230,75,100,"platform2",NA
"S22-468","side",282.5,140,40,80,"block1",282.121838013229
"S22-468","side",282.5,140,40,80,"block1",282.632817890501
"S22-468","side",282.5,140,40,80,"block1",281.805489221399
"S22-468","side",282.5,140,40,80,"block1",282.292908214757
"S22-468","side",282.5,140,40,80,"block1",282.401300697606
"S22-468","side",282.5,140,40,80,"block1",282.182785694356
"S22-468","side",282.5,140,40,80,"block1",283.454230228672
"S22-468","side",282.5,140,40,80,"block1",284.504048735576
"S22-468","side",282.5,140,40,80,"block1",283.218501493787
"S22-468","side",282.5,140,40,80,"block1",282.984522367284
"S22-468","side",437.5,140,40,80,"block2",436.893354577048
"S22-468","side",437.5,140,40,80,"block2",436.19923773909
"S22-468","side",437.5,140,40,80,"block2",437.328234255975
"S22-468","side",437.5,140,40,80,"block2",436.270392488261
"S22-468","side",437.5,140,40,80,"block2",436.71402999914
"S22-468","side",437.5,140,40,80,"block2",437.841698557536
"S22-468","side",437.5,140,40,80,"block2",437.29267174528
"S22-468","side",437.5,140,40,80,"block2",438.133302685063
"S22-468","side",437.5,140,40,80,"block2",438.413387290413
"S22-468","side",437.5,140,40,80,"block2",436.482345263388
"S22-468","side",362.5,230,150,100,"platform1",NA
"S30-805","side",292.5,140,40,80,"block1",293.539617956876
"S30-805","side",292.5,140,40,80,"block1",291.358468864031
"S30-805","side",292.5,140,40,80,"block1",291.174895447648
"S30-805","side",292.5,140,40,80,"block1",291.206352124616
"S30-805","side",292.5,140,40,80,"block1",292.92056235596
"S30-805","side",292.5,140,40,80,"block1",290.66508259427
"S30-805","side",292.5,140,40,80,"block1",294.40067809541
"S30-805","side",292.5,140,40,80,"block1",292.356799021339
"S30-805","side",292.5,140,40,80,"block1",292.761378858059
"S30-805","side",292.5,140,40,80,"block1",290.408940872044
"S30-805","side",432.5,140,40,80,"block2",432.314801895291
"S30-805","side",432.5,140,40,80,"block2",434.129973226661
"S30-805","side",432.5,140,40,80,"block2",430.763846200723
"S30-805","side",432.5,140,40,80,"block2",431.915714598593
"S30-805","side",432.5,140,40,80,"block2",432.390841808819
"S30-805","side",432.5,140,40,80,"block2",433.622200425663
"S30-805","side",432.5,140,40,80,"block2",432.279925884808
"S30-805","side",432.5,140,40,80,"block2",431.525227940143
"S30-805","side",432.5,140,40,80,"block2",432.74550615482
"S30-805","side",432.5,140,40,80,"block2",434.327588038608
"S30-805","side",362.5,230,150,100,"platform1",NA
"S32-806","-1",282.5,40,40,80,"block1",282.839227228622
"S32-806","-1",282.5,40,40,80,"block1",283.251066246982
"S32-806","-1",282.5,40,40,80,"block1",281.117539652961
"S32-806","-1",282.5,40,40,80,"block1",283.235661625397
"S32-806","-1",282.5,40,40,80,"block1",281.43714757442
"S32-806","-1",282.5,40,40,80,"block1",284.176020730347
"S32-806","-1",282.5,40,40,80,"block1",281.53528261842
"S32-806","-1",282.5,40,40,80,"block1",283.247412077568
"S32-806","-1",282.5,40,40,80,"block1",282.605651609274
"S32-806","-1",282.5,40,40,80,"block1",281.806678778084
"S32-806","-1",442.5,140,40,80,"block2",443.674311540955
"S32-806","-1",442.5,140,40,80,"block2",442.012861738599
"S32-806","-1",442.5,140,40,80,"block2",441.489143111008
"S32-806","-1",442.5,140,40,80,"block2",441.355236261041
"S32-806","-1",442.5,140,40,80,"block2",443.991660006683
"S32-806","-1",442.5,140,40,80,"block2",443.693663433736
"S32-806","-1",442.5,140,40,80,"block2",442.088992040955
"S32-806","-1",442.5,140,40,80,"block2",443.677060653369
"S32-806","-1",442.5,140,40,80,"block2",440.876368126389
"S32-806","-1",442.5,140,40,80,"block2",443.114817122029
"S32-806","-1",250,180,75,200,"platform1",NA
"S32-806","-1",475,230,75,100,"platform2",NA
"S34-806","-1",302.5,160,80,40,"block1",303.38110212004
"S34-806","-1",302.5,160,80,40,"block1",304.062371793774
"S34-806","-1",302.5,160,80,40,"block1",302.07994952779
"S34-806","-1",302.5,160,80,40,"block1",301.79724608615
"S34-806","-1",302.5,160,80,40,"block1",303.165870597642
"S34-806","-1",302.5,160,80,40,"block1",301.682453612907
"S34-806","-1",302.5,160,80,40,"block1",303.376266335502
"S34-806","-1",302.5,160,80,40,"block1",301.622131917136
"S34-806","-1",302.5,160,80,40,"block1",302.731415388696
"S34-806","-1",302.5,160,80,40,"block1",302.82024181904
"S34-806","-1",417.5,40,40,80,"block2",415.631191449224
"S34-806","-1",417.5,40,40,80,"block2",417.038814173465
"S34-806","-1",417.5,40,40,80,"block2",417.221408611686
"S34-806","-1",417.5,40,40,80,"block2",416.421515339623
"S34-806","-1",417.5,40,40,80,"block2",418.985752205791
"S34-806","-1",417.5,40,40,80,"block2",418.333943805361
"S34-806","-1",417.5,40,40,80,"block2",418.135538201901
"S34-806","-1",417.5,40,40,80,"block2",417.316089628902
"S34-806","-1",417.5,40,40,80,"block2",417.549532978763
"S34-806","-1",417.5,40,40,80,"block2",417.606265184274
"S34-806","-1",275,230,75,100,"platform1",NA
"S34-806","-1",450,180,75,200,"platform2",NA
"S42-806","stack_A_on_C",362.5,138.333333333333,80,40,"block1",363.737580431542
"S42-806","stack_A_on_C",362.5,138.333333333333,80,40,"block1",362.814493460237
"S42-806","stack_A_on_C",362.5,138.333333333333,80,40,"block1",363.915608126268
"S42-806","stack_A_on_C",362.5,138.333333333333,80,40,"block1",361.888988765405
"S42-806","stack_A_on_C",362.5,138.333333333333,80,40,"block1",361.858299914627
"S42-806","stack_A_on_C",362.5,138.333333333333,80,40,"block1",361.41120817718
"S42-806","stack_A_on_C",362.5,138.333333333333,80,40,"block1",362.925916485791
"S42-806","stack_A_on_C",362.5,138.333333333333,80,40,"block1",362.107802950227
"S42-806","stack_A_on_C",362.5,138.333333333333,80,40,"block1",364.09082771169
"S42-806","stack_A_on_C",362.5,138.333333333333,80,40,"block1",362.490661380976
"S42-806","stack_A_on_C",362.5,178.333333333333,80,40,"block2",362.672683189045
"S42-806","stack_A_on_C",362.5,178.333333333333,80,40,"block2",361.617104947184
"S42-806","stack_A_on_C",362.5,178.333333333333,80,40,"block2",361.608610852973
"S42-806","stack_A_on_C",362.5,178.333333333333,80,40,"block2",361.654228508237
"S42-806","stack_A_on_C",362.5,178.333333333333,80,40,"block2",361.838251961753
"S42-806","stack_A_on_C",362.5,178.333333333333,80,40,"block2",363.048490575377
"S42-806","stack_A_on_C",362.5,178.333333333333,80,40,"block2",363.880012778252
"S42-806","stack_A_on_C",362.5,178.333333333333,80,40,"block2",363.247484227366
"S42-806","stack_A_on_C",362.5,178.333333333333,80,40,"block2",361.503508097844
"S42-806","stack_A_on_C",362.5,178.333333333333,80,40,"block2",361.780795010717
"S42-806","stack_A_on_C",362.5,203.333333333333,200,10,"seesawPlank",NA
"S44-806","stack_A_on_C",370,100,40,80,"block1",370.517132641107
"S44-806","stack_A_on_C",370,100,40,80,"block1",370.513067639809
"S44-806","stack_A_on_C",370,100,40,80,"block1",369.926141372659
"S44-806","stack_A_on_C",370,100,40,80,"block1",368.940954150222
"S44-806","stack_A_on_C",370,100,40,80,"block1",367.054548274944
"S44-806","stack_A_on_C",370,100,40,80,"block1",369.01961311327
"S44-806","stack_A_on_C",370,100,40,80,"block1",368.964334903802
"S44-806","stack_A_on_C",370,100,40,80,"block1",371.427146393118
"S44-806","stack_A_on_C",370,100,40,80,"block1",368.565856217869
"S44-806","stack_A_on_C",370,100,40,80,"block1",369.137655214732
"S44-806","stack_A_on_C",335,160,80,40,"block2",335.579426826159
"S44-806","stack_A_on_C",335,160,80,40,"block2",335.768229102657
"S44-806","stack_A_on_C",335,160,80,40,"block2",334.348646094602
"S44-806","stack_A_on_C",335,160,80,40,"block2",334.868599700469
"S44-806","stack_A_on_C",335,160,80,40,"block2",337.141261985387
"S44-806","stack_A_on_C",335,160,80,40,"block2",333.713250775007
"S44-806","stack_A_on_C",335,160,80,40,"block2",334.457547016969
"S44-806","stack_A_on_C",335,160,80,40,"block2",334.394016165054
"S44-806","stack_A_on_C",335,160,80,40,"block2",336.146739600381
"S44-806","stack_A_on_C",335,160,80,40,"block2",334.198522920016
"S44-806","stack_A_on_C",362.5,230,75,100,"platform1",NA
"S54-806","stack_C_on_A",335,160,80,40,"block1",334.985023660031
"S54-806","stack_C_on_A",335,160,80,40,"block1",334.387680529685
"S54-806","stack_C_on_A",335,160,80,40,"block1",336.140574378725
"S54-806","stack_C_on_A",335,160,80,40,"block1",334.951116073063
"S54-806","stack_C_on_A",335,160,80,40,"block1",335.770276073285
"S54-806","stack_C_on_A",335,160,80,40,"block1",332.525739535193
"S54-806","stack_C_on_A",335,160,80,40,"block1",335.190670134157
"S54-806","stack_C_on_A",335,160,80,40,"block1",333.823898408886
"S54-806","stack_C_on_A",335,160,80,40,"block1",335.814342090874
"S54-806","stack_C_on_A",335,160,80,40,"block1",336.200127546046
"S54-806","stack_C_on_A",365,120,80,40,"block2",364.548219616475
"S54-806","stack_C_on_A",365,120,80,40,"block2",366.680037366846
"S54-806","stack_C_on_A",365,120,80,40,"block2",364.019672889518
"S54-806","stack_C_on_A",365,120,80,40,"block2",367.403132712387
"S54-806","stack_C_on_A",365,120,80,40,"block2",365.396090535952
"S54-806","stack_C_on_A",365,120,80,40,"block2",364.514922225704
"S54-806","stack_C_on_A",365,120,80,40,"block2",365.097110249075
"S54-806","stack_C_on_A",365,120,80,40,"block2",364.340015071621
"S54-806","stack_C_on_A",365,120,80,40,"block2",365.798995500224
"S54-806","stack_C_on_A",365,120,80,40,"block2",363.898300937161
"S54-806","stack_C_on_A",362.5,230,75,100,"platform1",NA
"S55-1006","-1",282.5,140,40,80,"block1",282.264238392804
"S55-1006","-1",282.5,140,40,80,"block1",284.021646318509
"S55-1006","-1",282.5,140,40,80,"block1",281.707300288923
"S55-1006","-1",282.5,140,40,80,"block1",286.950763731071
"S55-1006","-1",282.5,140,40,80,"block1",283.293273923432
"S55-1006","-1",282.5,140,40,80,"block1",282.848795927452
"S55-1006","-1",282.5,140,40,80,"block1",282.443138313573
"S55-1006","-1",282.5,140,40,80,"block1",282.091328859807
"S55-1006","-1",282.5,140,40,80,"block1",280.605556242373
"S55-1006","-1",282.5,140,40,80,"block1",282.427279649344
"S55-1006","-1",437.5,160,80,40,"block2",436.30352243555
"S55-1006","-1",437.5,160,80,40,"block2",436.500819186904
"S55-1006","-1",437.5,160,80,40,"block2",436.796479457645
"S55-1006","-1",437.5,160,80,40,"block2",435.958135916297
"S55-1006","-1",437.5,160,80,40,"block2",437.833969695389
"S55-1006","-1",437.5,160,80,40,"block2",437.43409004908
"S55-1006","-1",437.5,160,80,40,"block2",439.139062635214
"S55-1006","-1",437.5,160,80,40,"block2",437.107507605025
"S55-1006","-1",437.5,160,80,40,"block2",438.910321013364
"S55-1006","-1",437.5,160,80,40,"block2",436.147079289199
"S55-1006","-1",250,230,75,100,"platform1",NA
"S55-1006","-1",475,230,75,100,"platform2",NA
"S57-1007","side",292.5,140,40,80,"block1",291.178747768912
"S57-1007","side",292.5,140,40,80,"block1",293.347370268456
"S57-1007","side",292.5,140,40,80,"block1",293.775932164199
"S57-1007","side",292.5,140,40,80,"block1",292.989745533199
"S57-1007","side",292.5,140,40,80,"block1",290.796580848133
"S57-1007","side",292.5,140,40,80,"block1",291.635839449968
"S57-1007","side",292.5,140,40,80,"block1",291.886511582088
"S57-1007","side",292.5,140,40,80,"block1",293.086485054332
"S57-1007","side",292.5,140,40,80,"block1",293.003058020362
"S57-1007","side",292.5,140,40,80,"block1",293.259334579159
"S57-1007","side",437.5,140,40,80,"block2",437.959048055039
"S57-1007","side",437.5,140,40,80,"block2",437.85046462601
"S57-1007","side",437.5,140,40,80,"block2",438.71934423639
"S57-1007","side",437.5,140,40,80,"block2",438.120961378962
"S57-1007","side",437.5,140,40,80,"block2",437.474523316392
"S57-1007","side",437.5,140,40,80,"block2",437.99174753146
"S57-1007","side",437.5,140,40,80,"block2",436.981320880836
"S57-1007","side",437.5,140,40,80,"block2",436.417550404063
"S57-1007","side",437.5,140,40,80,"block2",438.542913583901
"S57-1007","side",437.5,140,40,80,"block2",437.555729441133
"S57-1007","side",362.5,230,150,100,"platform1",NA
"S59-1007","stack_C_on_A",335,160,80,40,"block1",333.930634300096
"S59-1007","stack_C_on_A",335,160,80,40,"block1",333.104454880081
"S59-1007","stack_C_on_A",335,160,80,40,"block1",335.503528925353
"S59-1007","stack_C_on_A",335,160,80,40,"block1",334.473284403196
"S59-1007","stack_C_on_A",335,160,80,40,"block1",335.066328913859
"S59-1007","stack_C_on_A",335,160,80,40,"block1",335.207908554749
"S59-1007","stack_C_on_A",335,160,80,40,"block1",335.294521277733
"S59-1007","stack_C_on_A",335,160,80,40,"block1",334.89382214472
"S59-1007","stack_C_on_A",335,160,80,40,"block1",335.20581322822
"S59-1007","stack_C_on_A",335,160,80,40,"block1",334.833846953555
"S59-1007","stack_C_on_A",375,100,40,80,"block2",374.778380208613
"S59-1007","stack_C_on_A",375,100,40,80,"block2",375.071276034649
"S59-1007","stack_C_on_A",375,100,40,80,"block2",375.147958569581
"S59-1007","stack_C_on_A",375,100,40,80,"block2",374.983830667348
"S59-1007","stack_C_on_A",375,100,40,80,"block2",375.135576718342
"S59-1007","stack_C_on_A",375,100,40,80,"block2",375.575728798357
"S59-1007","stack_C_on_A",375,100,40,80,"block2",374.099735167607
"S59-1007","stack_C_on_A",375,100,40,80,"block2",374.416008668993
"S59-1007","stack_C_on_A",375,100,40,80,"block2",376.941814370243
"S59-1007","stack_C_on_A",375,100,40,80,"block2",374.403586672666
"S59-1007","stack_C_on_A",362.5,230,75,100,"platform1",NA
"S63-1039","-1",320,140,40,80,"block1",320.424887402296
"S63-1039","-1",320,140,40,80,"block1",319.618292828121
"S63-1039","-1",320,140,40,80,"block1",322.469080506811
"S63-1039","-1",320,140,40,80,"block1",318.970106818601
"S63-1039","-1",320,140,40,80,"block1",320.789764275358
"S63-1039","-1",320,140,40,80,"block1",319.595519863455
"S63-1039","-1",320,140,40,80,"block1",319.537793430573
"S63-1039","-1",320,140,40,80,"block1",319.52685131049
"S63-1039","-1",320,140,40,80,"block1",321.910605777387
"S63-1039","-1",320,140,40,80,"block1",321.417320914335
"S63-1039","-1",400,140,40,80,"block2",400.407146041851
"S63-1039","-1",400,140,40,80,"block2",401.713444098521
"S63-1039","-1",400,140,40,80,"block2",398.676783156131
"S63-1039","-1",400,140,40,80,"block2",400.287819157243
"S63-1039","-1",400,140,40,80,"block2",401.157034378114
"S63-1039","-1",400,140,40,80,"block2",399.889060015342
"S63-1039","-1",400,140,40,80,"block2",399.264147465164
"S63-1039","-1",400,140,40,80,"block2",400.581867269393
"S63-1039","-1",400,140,40,80,"block2",400.710376360204
"S63-1039","-1",400,140,40,80,"block2",397.986014849731
"S63-1039","-1",300,230,50,100,"platform1",NA
"S63-1039","-1",425,230,50,100,"platform2",NA
"S7-130","side",282.5,140,40,80,"block1",283.301212039405
"S7-130","side",282.5,140,40,80,"block1",284.186084292319
"S7-130","side",282.5,140,40,80,"block1",284.739100949301
"S7-130","side",282.5,140,40,80,"block1",282.381382647294
"S7-130","side",282.5,140,40,80,"block1",283.173420921941
"S7-130","side",282.5,140,40,80,"block1",283.507579631715
"S7-130","side",282.5,140,40,80,"block1",283.302962686772
"S7-130","side",282.5,140,40,80,"block1",280.754376573489
"S7-130","side",282.5,140,40,80,"block1",281.155201964564
"S7-130","side",282.5,140,40,80,"block1",283.148762868262
"S7-130","side",442.5,140,40,80,"block2",442.791097000988
"S7-130","side",442.5,140,40,80,"block2",441.163460586291
"S7-130","side",442.5,140,40,80,"block2",442.642093056738
"S7-130","side",442.5,140,40,80,"block2",443.863554130907
"S7-130","side",442.5,140,40,80,"block2",442.568586368187
"S7-130","side",442.5,140,40,80,"block2",441.158796694249
"S7-130","side",442.5,140,40,80,"block2",444.052304635784
"S7-130","side",442.5,140,40,80,"block2",441.014771435281
"S7-130","side",442.5,140,40,80,"block2",441.161043706541
"S7-130","side",442.5,140,40,80,"block2",441.193815689194
"S7-130","side",362.5,230,150,100,"platform1",NA
"S8-202","-1",317.5,140,40,80,"block1",318.455317699031
"S8-202","-1",317.5,140,40,80,"block1",317.466982927728
"S8-202","-1",317.5,140,40,80,"block1",318.736336801867
"S8-202","-1",317.5,140,40,80,"block1",317.102967993705
"S8-202","-1",317.5,140,40,80,"block1",318.173435218419
"S8-202","-1",317.5,140,40,80,"block1",316.936857112018
"S8-202","-1",317.5,140,40,80,"block1",317.316023095463
"S8-202","-1",317.5,140,40,80,"block1",316.612446828041
"S8-202","-1",317.5,140,40,80,"block1",318.863338862096
"S8-202","-1",317.5,140,40,80,"block1",318.602760096535
"S8-202","-1",417.5,140,40,80,"block2",418.107960672944
"S8-202","-1",417.5,140,40,80,"block2",417.626001764449
"S8-202","-1",417.5,140,40,80,"block2",417.60805811341
"S8-202","-1",417.5,140,40,80,"block2",417.330848081007
"S8-202","-1",417.5,140,40,80,"block2",417.738739077398
"S8-202","-1",417.5,140,40,80,"block2",417.114662620155
"S8-202","-1",417.5,140,40,80,"block2",417.634260991708
"S8-202","-1",417.5,140,40,80,"block2",415.338769377346
"S8-202","-1",417.5,140,40,80,"block2",416.416228694388
"S8-202","-1",417.5,140,40,80,"block2",417.510844489587
"S8-202","-1",237.5,230,150,100,"platform1",NA
"S8-202","-1",487.5,230,150,100,"platform2",NA
"S83-1609","-1",287.5,140,40,80,"block1",287.756008700656
"S83-1609","-1",287.5,140,40,80,"block1",288.656729726789
"S83-1609","-1",287.5,140,40,80,"block1",287.038682908707
"S83-1609","-1",287.5,140,40,80,"block1",287.738534384133
"S83-1609","-1",287.5,140,40,80,"block1",285.202536467821
"S83-1609","-1",287.5,140,40,80,"block1",288.793377751347
"S83-1609","-1",287.5,140,40,80,"block1",286.043028702133
"S83-1609","-1",287.5,140,40,80,"block1",287.725017610921
"S83-1609","-1",287.5,140,40,80,"block1",286.857050506322
"S83-1609","-1",287.5,140,40,80,"block1",286.911799311907
"S83-1609","-1",437.5,140,40,80,"block2",438.766984036481
"S83-1609","-1",437.5,140,40,80,"block2",438.354494921636
"S83-1609","-1",437.5,140,40,80,"block2",436.901754119896
"S83-1609","-1",437.5,140,40,80,"block2",437.239156548996
"S83-1609","-1",437.5,140,40,80,"block2",436.74063806104
"S83-1609","-1",437.5,140,40,80,"block2",439.633887894148
"S83-1609","-1",437.5,140,40,80,"block2",439.477288919386
"S83-1609","-1",437.5,140,40,80,"block2",437.245158362378
"S83-1609","-1",437.5,140,40,80,"block2",437.948084910372
"S83-1609","-1",437.5,140,40,80,"block2",438.593506840387
"S83-1609","-1",212.5,230,150,100,"platform1",NA
"S83-1609","-1",512.5,230,150,100,"platform2",NA
"S89-1642","side",287.5,140,40,80,"block1",287.785114341338
"S89-1642","side",287.5,140,40,80,"block1",287.645806138607
"S89-1642","side",287.5,140,40,80,"block1",287.554612988605
"S89-1642","side",287.5,140,40,80,"block1",286.993319802976
"S89-1642","side",287.5,140,40,80,"block1",286.479214059466
"S89-1642","side",287.5,140,40,80,"block1",287.905220465028
"S89-1642","side",287.5,140,40,80,"block1",288.31272664028
"S89-1642","side",287.5,140,40,80,"block1",286.328482175183
"S89-1642","side",287.5,140,40,80,"block1",285.080643054966
"S89-1642","side",287.5,140,40,80,"block1",288.45063535566
"S89-1642","side",437.5,140,40,80,"block2",437.298985002498
"S89-1642","side",437.5,140,40,80,"block2",437.438284595723
"S89-1642","side",437.5,140,40,80,"block2",436.748228321878
"S89-1642","side",437.5,140,40,80,"block2",435.520496314486
"S89-1642","side",437.5,140,40,80,"block2",436.761657697735
"S89-1642","side",437.5,140,40,80,"block2",437.108515456108
"S89-1642","side",437.5,140,40,80,"block2",437.914207193223
"S89-1642","side",437.5,140,40,80,"block2",438.471915984731
"S89-1642","side",437.5,140,40,80,"block2",436.966872191178
"S89-1642","side",437.5,140,40,80,"block2",436.680288170679
"S89-1642","side",362.5,230,150,100,"platform1",NA
"S93-1674","-1",250,160,80,40,"block1",249.827497009018
"S93-1674","-1",250,160,80,40,"block1",250.548263045868
"S93-1674","-1",250,160,80,40,"block1",250.019542118881
"S93-1674","-1",250,160,80,40,"block1",250.658893360794
"S93-1674","-1",250,160,80,40,"block1",251.834824975876
"S93-1674","-1",250,160,80,40,"block1",248.124962225489
"S93-1674","-1",250,160,80,40,"block1",250.984578642719
"S93-1674","-1",250,160,80,40,"block1",249.926463030932
"S93-1674","-1",250,160,80,40,"block1",250.656487249015
"S93-1674","-1",250,160,80,40,"block1",249.116810940378
"S93-1674","-1",400,40,40,80,"block2",400.449297702246
"S93-1674","-1",400,40,40,80,"block2",400.235064775165
"S93-1674","-1",400,40,40,80,"block2",400.651629002969
"S93-1674","-1",400,40,40,80,"block2",401.830543868173
"S93-1674","-1",400,40,40,80,"block2",399.675056984621
"S93-1674","-1",400,40,40,80,"block2",398.961934973454
"S93-1674","-1",400,40,40,80,"block2",400.817494021211
"S93-1674","-1",400,40,40,80,"block2",399.988857002069
"S93-1674","-1",400,40,40,80,"block2",401.731250031965
"S93-1674","-1",400,40,40,80,"block2",400.394399619635
"S93-1674","-1",287.5,230,75,100,"platform1",NA
"S93-1674","-1",437.5,180,75,200,"platform2",NA
"S97-1674","side",408.5,154.333333333333,80,40,"block1",407.188450942651
"S97-1674","side",408.5,154.333333333333,80,40,"block1",409.945436348303
"S97-1674","side",408.5,154.333333333333,80,40,"block1",408.574291333696
"S97-1674","side",408.5,154.333333333333,80,40,"block1",408.411064351036
"S97-1674","side",408.5,154.333333333333,80,40,"block1",407.945546778728
"S97-1674","side",408.5,154.333333333333,80,40,"block1",408.809280542741
"S97-1674","side",408.5,154.333333333333,80,40,"block1",408.411303462891
"S97-1674","side",408.5,154.333333333333,80,40,"block1",408.733442429173
"S97-1674","side",408.5,154.333333333333,80,40,"block1",409.982991459972
"S97-1674","side",408.5,154.333333333333,80,40,"block1",409.497017229328
"S97-1674","side",328.5,154.333333333333,80,40,"block2",327.879161148056
"S97-1674","side",328.5,154.333333333333,80,40,"block2",330.139386569341
"S97-1674","side",328.5,154.333333333333,80,40,"block2",327.976929346947
"S97-1674","side",328.5,154.333333333333,80,40,"block2",328.586676062993
"S97-1674","side",328.5,154.333333333333,80,40,"block2",328.095371939099
"S97-1674","side",328.5,154.333333333333,80,40,"block2",327.914277386813
"S97-1674","side",328.5,154.333333333333,80,40,"block2",327.93550204904
"S97-1674","side",328.5,154.333333333333,80,40,"block2",329.454912682175
"S97-1674","side",328.5,154.333333333333,80,40,"block2",328.689146702011
"S97-1674","side",328.5,154.333333333333,80,40,"block2",327.202500211331
"S97-1674","side",362.5,203.333333333333,200,10,"seesawPlank",NA
"S7-130-dep","side",252.5,178.333333333333,80,40,"block1",252.466842095595
"S7-130-dep","side",252.5,178.333333333333,80,40,"block1",251.98712663853
"S7-130-dep","side",252.5,178.333333333333,80,40,"block1",253.174898067816
"S7-130-dep","side",252.5,178.333333333333,80,40,"block1",252.693546956852
"S7-130-dep","side",252.5,178.333333333333,80,40,"block1",253.445485137679
"S7-130-dep","side",252.5,178.333333333333,80,40,"block1",250.564340227289
"S7-130-dep","side",252.5,178.333333333333,80,40,"block1",250.382894254596
"S7-130-dep","side",252.5,178.333333333333,80,40,"block1",253.732407844666
"S7-130-dep","side",252.5,178.333333333333,80,40,"block1",251.561839816727
"S7-130-dep","side",252.5,178.333333333333,80,40,"block1",252.548280928708
"S7-130-dep","side",472.5,178.333333333333,80,40,"block2",471.533731469328
"S7-130-dep","side",472.5,178.333333333333,80,40,"block2",472.663791047725
"S7-130-dep","side",472.5,178.333333333333,80,40,"block2",472.88961154111
"S7-130-dep","side",472.5,178.333333333333,80,40,"block2",474.295852206487
"S7-130-dep","side",472.5,178.333333333333,80,40,"block2",471.009308311354
"S7-130-dep","side",472.5,178.333333333333,80,40,"block2",471.274699615647
"S7-130-dep","side",472.5,178.333333333333,80,40,"block2",473.641167196712
"S7-130-dep","side",472.5,178.333333333333,80,40,"block2",471.776691352952
"S7-130-dep","side",472.5,178.333333333333,80,40,"block2",471.009877967406
"S7-130-dep","side",472.5,178.333333333333,80,40,"block2",471.932026618736
"S7-130-dep","side",362.5,203.333333333333,200,10,"seesawPlank",NA
"S30-805-dep","stack_A_on_C",377.5,120,80,40,"block1",376.308001991576
"S30-805-dep","stack_A_on_C",377.5,120,80,40,"block1",378.149398702714
"S30-805-dep","stack_A_on_C",377.5,120,80,40,"block1",377.084438357572
"S30-805-dep","stack_A_on_C",377.5,120,80,40,"block1",377.523174231807
"S30-805-dep","stack_A_on_C",377.5,120,80,40,"block1",377.767853591088
"S30-805-dep","stack_A_on_C",377.5,120,80,40,"block1",377.852526963725
"S30-805-dep","stack_A_on_C",377.5,120,80,40,"block1",377.248937978166
"S30-805-dep","stack_A_on_C",377.5,120,80,40,"block1",377.777694117401
"S30-805-dep","stack_A_on_C",377.5,120,80,40,"block1",376.16835276514
"S30-805-dep","stack_A_on_C",377.5,120,80,40,"block1",375.812926461481
"S30-805-dep","stack_A_on_C",347.5,160,80,40,"block2",346.844827652387
"S30-805-dep","stack_A_on_C",347.5,160,80,40,"block2",348.099243740214
"S30-805-dep","stack_A_on_C",347.5,160,80,40,"block2",346.968987308604
"S30-805-dep","stack_A_on_C",347.5,160,80,40,"block2",345.542449796696
"S30-805-dep","stack_A_on_C",347.5,160,80,40,"block2",346.844314412472
"S30-805-dep","stack_A_on_C",347.5,160,80,40,"block2",347.939103204281
"S30-805-dep","stack_A_on_C",347.5,160,80,40,"block2",348.043652613813
"S30-805-dep","stack_A_on_C",347.5,160,80,40,"block2",347.146664020176
"S30-805-dep","stack_A_on_C",347.5,160,80,40,"block2",348.132937385752
"S30-805-dep","stack_A_on_C",347.5,160,80,40,"block2",346.457713083968
"S30-805-dep","stack_A_on_C",362.5,230,150,100,"platform1",NA
"S89-1642-dep","side",262.5,178.333333333333,80,40,"block1",263.060129115311
"S89-1642-dep","side",262.5,178.333333333333,80,40,"block1",263.021738352718
"S89-1642-dep","side",262.5,178.333333333333,80,40,"block1",261.825617942885
"S89-1642-dep","side",262.5,178.333333333333,80,40,"block1",263.254866118492
"S89-1642-dep","side",262.5,178.333333333333,80,40,"block1",261.30116251675
"S89-1642-dep","side",262.5,178.333333333333,80,40,"block1",261.43583126665
"S89-1642-dep","side",262.5,178.333333333333,80,40,"block1",261.340986095641
"S89-1642-dep","side",262.5,178.333333333333,80,40,"block1",261.476335562144
"S89-1642-dep","side",262.5,178.333333333333,80,40,"block1",263.798836378689
"S89-1642-dep","side",262.5,178.333333333333,80,40,"block1",263.473567182946
"S89-1642-dep","side",462.5,178.333333333333,80,40,"block2",462.504032284648
"S89-1642-dep","side",462.5,178.333333333333,80,40,"block2",461.523514663062
"S89-1642-dep","side",462.5,178.333333333333,80,40,"block2",461.63535893436
"S89-1642-dep","side",462.5,178.333333333333,80,40,"block2",462.671374831148
"S89-1642-dep","side",462.5,178.333333333333,80,40,"block2",463.866773689863
"S89-1642-dep","side",462.5,178.333333333333,80,40,"block2",464.070433554272
"S89-1642-dep","side",462.5,178.333333333333,80,40,"block2",463.252311307326
"S89-1642-dep","side",462.5,178.333333333333,80,40,"block2",463.365906735572
"S89-1642-dep","side",462.5,178.333333333333,80,40,"block2",463.187322647765
"S89-1642-dep","side",462.5,178.333333333333,80,40,"block2",461.598415475563
"S89-1642-dep","side",362.5,203.333333333333,200,10,"seesawPlank",NA
